fragmentarium_id,url,shelfmark,century,language,script,items,dimensions_mm,area_mm2,images,title,notes
F-6hjl,https://fragmentarium.ms/overview/F-6hjl,"Cambridge, MA, Harvard University, Houghton Library, MS Fr 495",15th century,French,Hybrid Script,1 roll,1330 x 480 mm,638400,5,"Six âges du monde | Biblical history from Ptolemy I to the birth of Christ, Babylonian King Balthasar to the d","A fragment of a chronicle of world history genealogical roll. The first column covers Biblical history from Ptolemy I to the birth of Christ, with two roundels illustrating Judas Machabeus, and the bi"
F-aakt,https://fragmentarium.ms/overview/F-aakt,"Lugano, Archivio storico, ASL Riva 004",14th century,Latin,Northern Textualis,1 bifolium,432 x 512 mm,221184,2,Unidentified text,
F-6gn1,https://fragmentarium.ms/overview/F-6gn1,"Gubbio, Biblioteca comunale Sperelliana, III 42G 12",13th century 14th century,Hebrew,,1 large leaf,554 x 369 mm,204426,1,Unidentified fragment in Hebrew (scraped and washed),"Large fragment in Hebrew (in situ), digitised under UV light to enhance the legibility of the damaged script."
F-vgsy,https://fragmentarium.ms/overview/F-vgsy,"Gubbio, Biblioteca comunale Sperelliana, III 42G 13",13th century 14th century,Hebrew,,1 large leaf,555 x 368 mm,204240,1,Unidentified fragment in Hebrew (scraped and washed),"Large fragment in Hebrew in situ, digitised under UV light to enhance the legibility of the damaged script."
F-kr2n,https://fragmentarium.ms/overview/F-kr2n,"Paris, Bibliothèque nationale de France, NAL 2317",11th century,Latin,Carolingian Minuscule,1 bifolium,325 x 500 mm,162500,4,Homiliarium (unidentified),
F-211s,https://fragmentarium.ms/overview/F-211s,"Scherpenheuvel-Zichem, Abdij der Norbertijnen van Averbode, Archief, Sectie IV, hs. 415",16th century,Latin,Northern Textualis,1 leaf,475 x 333 mm,158175,2,Breviary or prayer book | Psalms 2 and 8,"Page from an unidentified manuscript, possibly a breviary or prayer book, containing Psalms 2 and 8."
F-s2ym,https://fragmentarium.ms/overview/F-s2ym,"Philadelphia, Pennsylvania, Free Library of Philadelphia, Lewis E M 69:8",14th century,Latin,Southern Textualis,1 double leaf,439 x 308 mm,135212,3,Gradual,"Initial M with an unidentified female saintThis initial begins the Introit for the Common of Apostles, 'Michi autem nimis honorati sunt amici tui deus ...' (Great reverence have I for thy friends, O G"
F-1exy,https://fragmentarium.ms/overview/F-1exy,"Toruń, Biblioteka Uniwersytecka, Rps 65/V",14th century,Latin,Cursiva,Pastedowns of the front and back cover,Front pastedown: 485 x 250; back pastedo,121250,2,The commentary on the Book of Genesis,"Two pages with the unidentified commentary on the Book of Genesis used as the pastedowns of the manuscript with the text by Henricus Bohic, Distinctiones in Librum IV Decretalium Gregorii IX from the "
F-rygw,https://fragmentarium.ms/overview/F-rygw,"Gent, Bisschoppelijk Archief Gent, fragment nr. 15",13th century,Latin,Southern Textualis,2 leaves,380 x 247 mm,93860,4,Unidentified medical treatise,
F-cfry,https://fragmentarium.ms/overview/F-cfry,"Wien, Österreichische Nationalbibliothek, Cod. 4070",15th century,Latin,Hybrid Script,1 partial leaf,375 x 250 mm,93750,2,Homily (unidentified),
F-3y8q,https://fragmentarium.ms/overview/F-3y8q,"Gent, Universiteitsbibliotheek Gent, HS.2583/124",14th century,Latin,Southern Textualis,37 strips,236 x 360 mm,84960,74,Unidentified Latin text,
F-s8db,https://fragmentarium.ms/overview/F-s8db,"Leuven, Archief van de Abdij van Park, IIIB1.429",14th century,Latin,Southern Textualis,1 leaf (in situ),324 x 261 mm,84564,3,Gloss on unidentified canon law text,
F-8bfm,https://fragmentarium.ms/overview/F-8bfm,"Toruń, Biblioteka Uniwersytecka, Ob.6.II.2164-2173",14th century,Latin,Cursiva,1 leaf,375 x 220,82500,5,Unidentified theological treatise,One parchment leaf used as a cover of a 16th cen. old printed book.  
F-2a37,https://fragmentarium.ms/overview/F-2a37,"Orselina-Locarno, Biblioteca Madonna del Sasso, MdS 38 Fa 31",14th century,Latin,Gothic Script (generic),1 bifolium,214 x 377 mm,80678,5,Unidentified commentary on a religious text,
F-su3k,https://fragmentarium.ms/overview/F-su3k,"Gent, Universiteitsbibliotheek Gent, HS.2582/177",14th century,Latin,Northern Textualis,1 leaf,336 x 239 mm,80304,2,Unidentified theological text,
F-1szi,https://fragmentarium.ms/overview/F-1szi,"Paris, Bibliothèque nationale de France, NAL 2317",10th century,Latin,,1 leaf,305 x 248 mm,75640,2,"Commentarium biblicum (unidentified) | Super Mt. 6,25-31",
F-jaob,https://fragmentarium.ms/overview/F-jaob,"Paris, Bibliothèque nationale de France, Latin 9377",14th century,Latin,Cursiva,2 bifolia,241 x 313 mm,75433,8,"Commentarium super IV librum sententiarum Petri Lombardi (unidentified) | dd. 15-17, 19-22, 32-34, 38-40",
F-hcpv,https://fragmentarium.ms/overview/F-hcpv,"Leuven, Archief van de Abdij van Park, VIIIB20/52",14th century,Latin,Southern Textualis,1 bifolium,320 x 234 mm,74880,4,Legendary | Chapter 1-5 of an unidentified legend on St Gregory the Illuminator,
F-qnuy,https://fragmentarium.ms/overview/F-qnuy,"Gent, Universiteitsbibliotheek Gent, HS.2582/174",14th century,Latin,Cursiva,1 leaf,313 x 235 mm,73555,2,Unidentified text on ethics,
F-sk67,https://fragmentarium.ms/overview/F-sk67,"Odense, Syddansk Universitetsbibliotek, RARA Musik L 45 134",,Latin,,1 partial leaf,202 x 357,72114,8,Unidentified fragment,"Unidentified, severely damaged fragment. Only the words item dauid rex are decipherable on the spine. In situ on a paper manuscript from around 1600 containing polyphonic music. The host volume contai"
F-vpe8,https://fragmentarium.ms/overview/F-vpe8,"Paris, Bibliothèque nationale de France, NAL 2317",10th century,Latin,Carolingian Minuscule,1 leaf,295 x 240 mm,70800,2,Commentarium biblicum (unidentified),
F-0kql,https://fragmentarium.ms/overview/F-0kql,"Leuven, Archief van de Abdij van Park, VIIIB20/51",14th century,Latin,Southern Textualis,1 bifolium,313 x 226 mm,70738,4,Legendary | Chapter 4-7 (fol. [1]) and 3-6 (fol. [2]) of an unidentified life of St Gregory the Illuminator,
F-072h,https://fragmentarium.ms/overview/F-072h,"Leuven, KU Leuven Bibliotheken Bijzondere Collecties, Ms. 1206",14th century,Latin,Gothic Script (generic) Northern Textualis,"2 leaves (parts); 4 strips, 3 of which f",328 x 204 mm,66912,8,Unidentified medical treatise,
F-b8xt,https://fragmentarium.ms/overview/F-b8xt,"Brugge, Stads- en O.C.M.W.-archief Brugge, reeks 538: Fragmenten van handschriften, nr. 27",15th century,Latin,Cursiva,1 leaf,300 x 216 mm,64800,2,Unidentified philosophical text,
F-nxl7,https://fragmentarium.ms/overview/F-nxl7,"Brugge, Openbare Bibliotheek Brugge, Ms. 466",14th century,Latin,Gothic Script (generic) Cursiva,1 bifolium,303 x 213 mm,64539,4,Unidentified treatise on physics,
F-eo5z,https://fragmentarium.ms/overview/F-eo5z,"Gent, Universiteitsbibliotheek Gent, HS.2582/290",14th century,Latin,Southern Textualis,1 bifolium (trimmed),293 x 215 mm,62995,2,Unidentified treatise on natural philosophy,
F-2e1n,https://fragmentarium.ms/overview/F-2e1n,"Brugge, Stads- en O.C.M.W.-archief Brugge, reeks 538: Fragmenten van handschriften, nr. 42",15th century,Latin,Southern Textualis,2 leaves,294 x 214 mm,62916,4,Unidentified text on Latin etymology,
F-nei7,https://fragmentarium.ms/overview/F-nei7,"Gent, Universiteitsbibliotheek Gent, HS.2582/164",14th century,Latin,Northern Textualis,1 leaf,315 x 198 mm,62370,2,Unidentified text on metaphysics,"[do not publish this revision] this is clearly a commentary on book I of the Sentences: there are internal references to other distinctions, and a note about the eternity of the world that ""this perta"
F-664n,https://fragmentarium.ms/overview/F-664n,"Scherpenheuvel-Zichem, Abdij der Norbertijnen van Averbode, Archief, Sectie IV, hs. 431, 34",15th century,Latin,Cursiva Hybrid Script,2,"292 mm x 210 mm, 292 mm x 68 mm",61320,2,Unidentified theological text,"This object, used as a book or document cover, consists of many layers of paper pasted together; the pages were taken from both printed books and manuscripts. The fragments described here are currentl"
F-skg1,https://fragmentarium.ms/overview/F-skg1,"Gent, Universiteitsbibliotheek Gent, HS.2582/136",14th century,Latin,Northern Textualis,1 scroll (2 parts reattached),395 x 155 mm,61225,2,"Mortuary roll asking for prayers for John, monk and cantor at an unidentified abbey","The fragmentary roll was not known to Jean Dufour, Recueil des rouleaux des morts (VIIIe siècle-vers 1536), 5 vols. (Paris: de Boccard, 2005-2013). The institution which sent out the mortuary roll can"
F-szxp,https://fragmentarium.ms/overview/F-szxp,"Leipzig, Universitätsbibliothek, Fragm. lat. 52",14th century,Latin,Northern Textualis,1 bifolium (partial),199 x 305 mm,60695,7,Medical Fragment (unidentified),
F-lmfj,https://fragmentarium.ms/overview/F-lmfj,"Oudenaarde, Stadsarchief Oudenaarde, Handschriften en Zeldzame Drukken, nr. 20-5 c",14th century,Latin,Northern Textualis,1 leaf (bound),292 x 206 mm,60152,2,Unidentified medical text with gloss,
F-h8oz,https://fragmentarium.ms/overview/F-h8oz,"Oudenaarde, Stadsarchief Oudenaarde, Perkamenten nr. 56 r",14th century,Latin,Southern Textualis,1 leaf (trimmed),292 x 199 mm,58108,2,Unidentified canon law text,
F-x61h,https://fragmentarium.ms/overview/F-x61h,"Victoria, B.C., University of Victoria Libraries, Ms.Brown.It.1",15th century,Latin Italian,Hybrid Script,1 leaf,290 x 200 mm,58000,2,Medical recipes and poems | includes poetic list of women's faults,"A fifteenth-century leaf bound into a book of seventeenth-century medical and culinary recipes and charms, likely (by internal evidence) from Bologna. The recto includes the end of an Italian poem in "
F-ahiy,https://fragmentarium.ms/overview/F-ahiy,"Brugge, Archief Grootseminarie Brugge, Ms. 95/130",14th century,Latin,Northern Textualis,1 leaf (part),285 x 199 mm,56715,2,"Unidentified encyclopaedia | lemmata ''modestia', Moyses', 'mollis', 'monachus', 'morbus' and 'mors'",
F-8bin,https://fragmentarium.ms/overview/F-8bin,"Paris, Bibliothèque nationale de France, Latin 9377",15th century,Latin,,2 bifolia,198 x 282 mm,55836,8,De sacramento eucharistiae (unidentified),
F-qmfx,https://fragmentarium.ms/overview/F-qmfx,"Scherpenheuvel-Zichem, Abdij der Norbertijnen van Averbode, Archief, Sectie IV, hs. 417, 42",13th century,Latin,Northern Textualis,1 bifolium (part),289 x 193 mm (leaf),55777,2,Unidentified canon law commentary,
F-6sg6,https://fragmentarium.ms/overview/F-6sg6,"Orselina-Locarno, Biblioteca Madonna del Sasso, MdS 27 Aa 19/F1",14th century,Latin,Gothic Script (generic),1 bifolium (part),199 x 271 mm,53929,4,Unidentified religious text (?),
F-pdds,https://fragmentarium.ms/overview/F-pdds,"Wien, Österreichische Nationalbibliothek, Fragm. 127",15th century,Latin,Cursiva,1 leaf (part),280 × 191 mm,53480,3,Unidentified Text,"A fragment detached 1934 from the host volume Vienna, ÖNB, Cod. 3727; the latter written in Mondsee in the 15th c. (1462)."
F-jtua,https://fragmentarium.ms/overview/F-jtua,"Gent, Universiteitsbibliotheek Gent, HS.2582/173",14th century,Latin,Cursiva,1 bifolium (trimmed),266 x 201 mm,53466,2,Unidentified text,
F-jtck,https://fragmentarium.ms/overview/F-jtck,"Wien, Österreichische Nationalbibliothek, Fragm. 102",,,,1 bifolium,190 × 275 mm,52250,3,Ars dicendi (?),"A fragment from an unidentified rhetorical text. From the original manuscript comes probably also the in-situ fragment in Wien, ÖNB, Cod. 3664, which is also the host volume of Fragm. 102."
F-rl44,https://fragmentarium.ms/overview/F-rl44,"Hasselt, Rijksarchief te Hasselt, Archief Schepenbank Mechelen aan de Maas, nr. 2",14th century,Latin,Northern Textualis,2 leaves,290 x 180 mm,52200,4,Unidentified medical treatise,
F-3yl2,https://fragmentarium.ms/overview/F-3yl2,"Toruń, Biblioteka Uniwersytecka, Ob.6.II.684-686",14th century,Latin,Cursiva Antiquior,1 bifolium,190 x 270,51300,5,"Unidentified theological treatise, containing a fragment of Summa Theologiae, Secunda pars secundae partis | q",Parchment bifolium containing an unidentified fragment of theological treatise used as a cover of an old printed book.
F-z56d,https://fragmentarium.ms/overview/F-z56d,"Leuven, Archief van de Abdij van Park, VIIIB20/89",14th century,Latin,Northern Textualis,1 bifolium (trimmed),220 x 223 mm,49060,2,Unidentified treatise on logic,
F-51ct,https://fragmentarium.ms/overview/F-51ct,"Leuven, KU Leuven Bibliotheken Bijzondere Collecties, Ms. 1599",15th century,Latin,Cursiva,1 leaf,210 x 223 mm,46830,2,Unidentified text on logic,
F-07fr,https://fragmentarium.ms/overview/F-07fr,"Maaseik, Musea Maaseik, MM/0056/0011/0002 (currently on deposit at the Maurits Sabbebibliotheek in Leuven)",8th century,Latin,Insular Script (generic),"5 leaves (originally 2 bifolia, part of ",245 x 185 mm,45325,30,"Gospel book | Codex Eyckensis, Codex A","This fragment of a gospel book contains the canon tables, whose text has remained incomplete, as well as a single leaf with two otherwise unidentifiable evangelists' portraits. The portraits probably "
F-zkhv,https://fragmentarium.ms/overview/F-zkhv,"Antwerpen, Erfgoedbibliotheek Hendrik Conscience, Fragm. 111",15th century,Latin,Cursiva,1 leaf (trimmed),216 x 208 mm,44928,2,Unidentified treatise on Roman law,
F-cckq,https://fragmentarium.ms/overview/F-cckq,"Leuven, Rijksarchief te Leuven, Archief Sint-Leonarduskapittel te Zoutleeuw, nr. 1132",13th century,Latin,Northern Textualis,1 leaf (part),248 x 175 mm,43400,3,Unidentified canon law text,
F-ldh6,https://fragmentarium.ms/overview/F-ldh6,"Gent, Universiteitsbibliotheek Gent, HS.2583/217",15th century,Latin,Cursiva,5 leaves (parts),247 x 173 mm,42731,10,"Unidentified text, possibly law collection",
F-o1p7,https://fragmentarium.ms/overview/F-o1p7,"Oudenaarde, Stadsarchief Oudenaarde, Boekbanden, BB 0027",14th century,Latin,Southern Textualis,1 leaf (trimmed),266 x 158 mm,42028,1,Unidentified Roman law text,
F-4usd,https://fragmentarium.ms/overview/F-4usd,"Paris, Bibliothèque nationale de France, Latin 11411",12th century,Latin,Praegothica,1 bifolium,165 x 242 mm,39930,4,Medical text (unidentified),
F-ziuq,https://fragmentarium.ms/overview/F-ziuq,"Antwerpen, Erfgoedbibliotheek Hendrik Conscience, Fragm. 101 a-v",16th century,Latin,Cursiva,11 leaves (part),166 x 224 mm,37184,22,Unidentified text on Roman law,
F-eflq,https://fragmentarium.ms/overview/F-eflq,"Gent, Universiteitsbibliotheek Gent, HS.2582/298",16th century,Latin,Cursiva,1 bifolium (trimmed),214 x 172 mm,36808,2,Unidentified philosophical text,
F-w36h,https://fragmentarium.ms/overview/F-w36h,"Leuven, KU Leuven Bibliotheken Bijzondere Collecties, Ms. 1268",15th century,Middle Dutch,Hybrid Script,1 leaf (trimmed),230 x 160 mm,36800,2,Van der kerken,"A yet unidentified Middle Dutch text about the church and its rites. The text is possibly a translation of Guillelmus Duranti senior, Rationale divinorum officiorum."
F-2u3k,https://fragmentarium.ms/overview/F-2u3k,"Orselina-Locarno, Biblioteca Madonna del Sasso, MdS 38 Fa 32",16th century 11th century,Latin,Southern Textualis Carolingian Minuscule,1 leaf (trimmed),220 x 162 mm,35640,3,Unidentified commentary on the Psalms (?) / Credo,Palimpsest (?). The upper text has been written without completely erasing the lower text.
F-mfvu,https://fragmentarium.ms/overview/F-mfvu,"Toruń, Biblioteka Uniwersytecka, Rps 43/III",14th century,Latin,Cursiva,1 bifolium,120 x 295,35400,4,Unidentified legal treatise,"Parchment bifolium containing unidentified legal treatise ""covering"" the first 3 pages of the manuscript with the text by Ioannes de Lignano, Lectura super primo libro Decretalium Gregorii IX "
F-481s,https://fragmentarium.ms/overview/F-481s,"Scherpenheuvel-Zichem, Abdij der Norbertijnen van Averbode, Archief, Sectie IV, hs. 431, 33",15th century,Latin,Cursiva Northern Textualis,4 bifolia (trimmed),213 x 163 mm,34719,10,Unidentified philosophical texts,"This set consists of 2 trimmed doubleleaves (fragments 1-2) and a third trimmed doubleleaf (fragment 4) onto which two further fragments are pasted, which partially cover its outer leaves. Fragment 3 "
F-szlk,https://fragmentarium.ms/overview/F-szlk,"Antwerpen, Ruusbroecgenootschap, Lat. 13",15th century,Latin,Cursiva,1 bifolium,166 x 206 mm,34196,4,Unidentified spiritual treatise,
F-ndvo,https://fragmentarium.ms/overview/F-ndvo,"Leipzig, Universitätsbibliothek, Fragm. lat. 32",12th century,Latin,Northern Textualis,2 bifolia (partial),159 x 210 mm,33390,10,Logical text (unidentified),
F-l2v3,https://fragmentarium.ms/overview/F-l2v3,"St. Gallen, Stiftsbibliothek St. Gallen, Cod. Sang. 553",,Latin,Roman Uncial Script,1 offset (back),230 x 145 mm,33350,3,unidentified,"Host volume: Lives of the Irish saints and saints of St. Gall.
Fragment: offset of a text in capitalis hand style."
F-31tn,https://fragmentarium.ms/overview/F-31tn,"Odense, Syddansk Universitetsbibliotek, RARA K 219",14th century,Latin,Northern Textualis,1 partial leaf,153 x 212 mm,32436,7,Unidentified liturgical fragment,"Unidentified liturgical fragment with square notation. The text is damaged, possibly washed off. Re-used in the laced-case binding for a copy of Norske Kongers Krønicke oc bedrifft, indtil unge Kong H"
F-orcw,https://fragmentarium.ms/overview/F-orcw,"Gent, Universiteitsbibliotheek Gent, HS.2583/162",14th century,Latin,Cursiva,7 leaves (parts); 13 strips,160 x 201 mm,32160,40,Unidentified theological treatise,
F-l3a5,https://fragmentarium.ms/overview/F-l3a5,"Tübingen, Konviktsbibliothek Wilhelmsstift, Gh 135 (Fragment B)",15th century,Latin,Cursiva,"1 trimmed single leaf, in-situ",216 x 147,31752,2,Lectionarium officii,"Matins readings from Isaiah for Wednesday to Saturday in Advent (the week can no longer be determined due to the absence of a Sunday indication).
An unidentified liturgical fragment of the 12th centu"
F-01ku,https://fragmentarium.ms/overview/F-01ku,"Gent, Universiteitsbibliotheek Gent, HS.2583/073",15th century,Latin,Cursiva,1 leaf (trimmed),203 x 155 mm,31465,2,Unidentified theological text,"This fragment probably comes from the same manuscript as the fragments HS.2583/074, HS.2583/078 and HS.2583/084."
F-bcte,https://fragmentarium.ms/overview/F-bcte,"Gent, Universiteitsbibliotheek Gent, HS.0301",10th century,Latin,Carolingian Minuscule,1 leaf (trimmed),220 x 140 mm,30800,4,Unidentified computus text,
F-8srm,https://fragmentarium.ms/overview/F-8srm,"Wien, Österreichische Nationalbibliothek, Cod. 3614",14th century,Latin,,"1 trimmed single folio, 1 trimmed bifoli",Front Pastedown: 145 x 205 mm; Back Past,29725,12,Grammatica (unidentified),
F-opyx,https://fragmentarium.ms/overview/F-opyx,"Gent, Universiteitsbibliotheek Gent, HS.2582/182",14th century,Latin,Northern Textualis,4 leaves (including 2 half leaves),219 x 133 mm,29127,8,Unidentified theological text,The text discusses the nature of angels.
F-333n,https://fragmentarium.ms/overview/F-333n,"Frauenfeld, Kantonsbibliothek Thurgau, CL 6160",14th century 15th century,Latin,Hybrid Script,2 partial leaves,199 x 146 mm,29054,5,"Alexander of Hales, Summa Theologica; unidentified theological text | Summa Theologia, I, tract. II, q. 2","Two partial paper leaves from the same manuscript. The first contains Alexander of Hales' Summa Theologica, book I, tract. II, q. 2 (De distincitone et expositione articulorum symboli apostolorum), c."
F-pnkr,https://fragmentarium.ms/overview/F-pnkr,"Antwerpen, Ruusbroecgenootschap, Neerl. 35",14th century 15th century,Middle Dutch,Cursiva,2 bifolia,187 x 155 mm (leaf),28985,4,Unidentified Middle Dutch prose text,
F-516x,https://fragmentarium.ms/overview/F-516x,"Gent, Universiteitsbibliotheek Gent, HS.2583/182",15th century,Latin,Cursiva,1 bifolium,203 x 141 mm (page),28623,2,Unidentified theological treatise,
F-x3yo,https://fragmentarium.ms/overview/F-x3yo,"Gent, Bisschoppelijk Archief Gent, fragment nr. 17",,Latin,Hybrid Script,1 leaf,204 x 140 mm,28560,2,Table of contents of a lost or unidentified book,"A. Derolez has identified 23 surviving manuscripts of the library of the Augustian canons of St Leonard of Liège, but none of them matches the table on this fragment. Several items, however, strongly "
F-lwy7,https://fragmentarium.ms/overview/F-lwy7,"Gent, Universiteitsbibliotheek Gent, HS.2583/181",15th century,Latin,Cursiva,1 bifolium,201 x 142 mm,28542,2,Unidentified gloss | with quotations from the Exultet chant (fol. 1v),
F-8epz,https://fragmentarium.ms/overview/F-8epz,"Gent, Universiteitsbibliotheek Gent, HS.2583/074",15th century,Latin,Cursiva,1 bifolium (trimmed),200 x 142 mm,28400,2,Unidentified theological text,"This fragment probably comes from the same manuscript as the fragments HS.2583/073, HS.2583/078 and HS.2583/084."
F-cpn6,https://fragmentarium.ms/overview/F-cpn6,"Unknown, Current Location Unknown, Charles Edwin Puckett Rare Books IM-1516",15th century,French,Northern Textualis,1 leaf,195 x 142 (85 x 62) mm,27690,2,"Book of Hours (Use of Paris), ""The St. Alexius Hours"" | Calendar, February","""KL Ffeurier.../...S'Iust""
Calendar for the month of March, from a fifteenth-century Book of Hours known as the St. Alexius Hours. Written in northern France in the third quarter of the fifteenth cen"
F-xmrx,https://fragmentarium.ms/overview/F-xmrx,"Chicago, University of Chicago Hanna Holborn Gray Special Collections Research Center, Codex Ms 686",13th century,Latin,Gothic Script (generic),1 partial bifolium,194 x 142 mm,27548,2,Commentary on Luke,"Unidentified commentary on Luke. 1 parchment bifolium, with about 2/3 of one leaf and most of the other. Southern Germany?, 13th century?. Latin, semitextualis libraria. 194 mm x 142 mm. 2-line red in"
F-3oab,https://fragmentarium.ms/overview/F-3oab,"Wien, Österreichische Nationalbibliothek, Cod. 3604",15th century,Latin,Cursiva,2 single leaves,198 × 138 mm,27324,9,Text on logic (unidentified),
F-7nce,https://fragmentarium.ms/overview/F-7nce,"Utopia, armarium codicum bibliophilorum, Tra.MF.2019.09.01",14th century,Latin,Northern Textualis,1 bifolium (trimmed),140 x 195 mm,27300,3,Unidentified Tractatus de articulis fidei,"One bifolium, trimmed, of an unidentified tract on the Athanasian or Apostle's Creed, apparently reused as a pastedown and subsequently removed. Once part of the collection of Sigurd and Gudrun Wandel"
F-8zoy,https://fragmentarium.ms/overview/F-8zoy,"Paris, Bibliothèque nationale de France, Latin 9377",14th century,Latin,,2 partial bifolia,136 x 195 mm,26520,8,Sermones (unidentified),
F-tfms,https://fragmentarium.ms/overview/F-tfms,"Antwerpen, Erfgoedbibliotheek Hendrik Conscience, Fragm. 174 a-d",13th century,Latin,Northern Textualis,4 strips,182 x 145 mm,26390,8,Unidentified Latin text,
F-koak,https://fragmentarium.ms/overview/F-koak,"Antwerpen, Ruusbroecgenootschap, Neerl. 15/2",14th century,Middle Dutch,Northern Textualis,1 bifolium (2 fragments),85 x 310 mm,26350,4,"Unidentified Middle Dutch Charlemagne romance, presumably Wybeert van Andernaken",
F-mt26,https://fragmentarium.ms/overview/F-mt26,"Chicago, University of Chicago Hanna Holborn Gray Special Collections Research Center, PA6235.A2O9 1780 c.1",15th century 16th century,Latin,,2 leaves (partial),125 x 210 mm,26250,2,Unidentified music,Fragments of 15th- or 16th-century Hufnagelschrift music notation on paper used to make pasteboards. Removed from binding of C. Ivlii Caesaris Commentarii de bello Gallico et civili accedvnt libri de 
F-tpid,https://fragmentarium.ms/overview/F-tpid,"Brugge, Openbare Bibliotheek Brugge, Ms. 78",10th century,Latin,Carolingian Minuscule,2 strips,69 x 362 mm; 6 x 373 mm,24978,3,"The Bavarian homiliary | Winter part, no. 45 and other unidentified texts","The original position of the fragments is difficult to ascertain. Before fol. 145 there is a thin long strip visible that has been folded lengthwise, but which has a taller part towards the lower edge"
F-yjo1,https://fragmentarium.ms/overview/F-yjo1,"Odense, Syddansk Universitetsbibliotek, RARA Musik L 46",,Latin,Humanistic Cursive,1 piece,138 x 178 mm,24564,9,Text on etymology,"Unidentified text on etymology, possibly student notes. Removed from the binding of RARA Musik L 42 R 130, one of a set of four music booklets from the collection of Herlufsholm Skole, now held at the"
F-jnvq,https://fragmentarium.ms/overview/F-jnvq,"Gent, Universiteitsbibliotheek Gent, HS.2583/078",15th century,Latin,Cursiva,1 leaf (trimmed),204 x 118 mm,24072,2,Unidentified theological text,"This fragment probably comes from the same manuscript as the fragments HS.2583/073, HS.2583/074 and HS.2583/084."
F-gz7u,https://fragmentarium.ms/overview/F-gz7u,"Orselina-Locarno, Biblioteca Madonna del Sasso, MdS 26 Aa 3/F1",12th century,Latin,Carolingian Minuscule,Leaf (part of),194 x 124 mm,24056,3,Unidentified notated liturgical text,Part of a leaf used to reinforce the margins of a guard-leaf in the host volume.
F-dr6y,https://fragmentarium.ms/overview/F-dr6y,"Gent, Universiteitsbibliotheek Gent, HS.2583/165",14th century,Latin,Northern Textualis,1 strip,208 x 107 mm,22256,2,"Unidentified gloss, possibly on a grammatical treatise",
F-lg7g,https://fragmentarium.ms/overview/F-lg7g,"Gent, Universiteitsbibliotheek Gent, HS.2582/180",16th century,Latin,Cursiva,37 leaves (single quire),178 x 119 mm,21182,38,Unidentified work on metaphysics,
F-v0qx,https://fragmentarium.ms/overview/F-v0qx,"Odense, Syddansk Universitetsbibliotek, RARA Musik L 46",16th century,Latin,Humanistic Cursive,4 pieces,152 x 131,19912,15,Text on churches,"Early Modern manuscript copy of an unidentified Latin text on churches. Removed from the binding of RARA Musik L 42 R 130, one of a set of four music booklets from the collection of Herlufsholm Skole,"
F-hwsh,https://fragmentarium.ms/overview/F-hwsh,"Gent, Universiteitsbibliotheek Gent, HS.2583/029",15th century,Latin,Cursiva,1 leaf (trimmed),174 x 114 mm,19836,2,Unidentified musical treatise,
F-7smu,https://fragmentarium.ms/overview/F-7smu,"Gent, Universiteitsbibliotheek Gent, HS.2583/031",15th century,Latin,Cursiva,1 leaf (trimmed),174 x 114 mm,19836,2,Unidentified musical treatise,
F-21br,https://fragmentarium.ms/overview/F-21br,"Gent, Universiteitsbibliotheek Gent, HS.2583/032",15th century,Latin,Cursiva,1 leaf (trimmed),173 x 114 mm,19722,2,Unidentified musical treatise,
F-2fz6,https://fragmentarium.ms/overview/F-2fz6,"Frauenfeld, Kantonsbibliothek Thurgau, FRG 205 [larger]",8th century 9th century,Latin,Pre-carolingian Script,1 partial bifolium,125 x 154 mm,19250,3,"Isidore, Etymologiae | Book 1","A partial bifolium from a 8th- or 9th-century manuscript with sections from Book I of Isidore of Seville's Etymologies, including chapters 33: De solecismis and 40: De fabula, and an unidentified gram"
F-jfv6,https://fragmentarium.ms/overview/F-jfv6,"Gent, Universiteitsbibliotheek Gent, HS.2583/030",15th century,Latin,Cursiva,1 leaf (trimmed),166 x 114 mm,18924,2,Unidentified musical treatise,
F-otf6,https://fragmentarium.ms/overview/F-otf6,"Mechelen, Stadsarchief Mechelen, Verzameling van literaire fragmenten, Album II, voorlopig nr. 3/7",14th century,Latin,Cursiva Antiquior,1 leaf (part),221 x 85 mm,18785,2,Unidentified Latin text,
F-z31f,https://fragmentarium.ms/overview/F-z31f,"Odense, Syddansk Universitetsbibliotek, RARA Musik K 14 122",,,Northern Textualis,1 partial leaf,147 x 127 mm,18669,6,Unidentified liturgical fragment,"Unidentified liturgical fragment on the front cover of RARA Musik K 14 122, the second volume of a set of paper music manuscripts from about 1600."
F-ktuw,https://fragmentarium.ms/overview/F-ktuw,"Antwerpen, Erfgoedbibliotheek Hendrik Conscience, Fragm. 215 a-ll",15th century,Latin,Cursiva Northern Textualis,38 strips,106 x 168 mm,17808,76,Latin commentary on an unidentified theological treatise,
F-grc7,https://fragmentarium.ms/overview/F-grc7,"Odense, Syddansk Universitetsbibliotek, RARA Musik K 14 123",,Latin,Northern Textualis,2 partial leaves,122 × 145 mm,17690,7,Unidentified fragments,"Unidentified, severely damaged fragments, in situ on RARA Musik K 14 123, the third volume of a set of five paper music manuscripts from about 1600."
F-ybvx,https://fragmentarium.ms/overview/F-ybvx,"Antwerpen, Erfgoedbibliotheek Hendrik Conscience, Fragm. 194",15th century,Latin,Northern Textualis Cursiva,1 leaf (trimmed),165 x 105 mm,17325,2,Unidentified theological text,
F-rmhf,https://fragmentarium.ms/overview/F-rmhf,"Wien, Österreichische Nationalbibliothek, Cod. 2248",13th century,Latin,Northern Textualis,2 double leaf (part); 1 leaf (part),VS + fliegendes Bl.: 108 × 160 mm; HS: 1,17280,13,Theological / biblical commentary (unidentified),
F-die2,https://fragmentarium.ms/overview/F-die2,"Scherpenheuvel-Zichem, Abdij der Norbertijnen van Averbode, Archief, Sectie IV, hs. 431, 40",15th century,Latin,Cursiva,1 bifolium (trimmed),150 x 115 mm (leaf),17250,2,Unidentified text on logic,
F-4t7o,https://fragmentarium.ms/overview/F-4t7o,"Antwerpen, Erfgoedbibliotheek Hendrik Conscience, Fragm. 195",15th century,Latin,Cursiva,1 leaf (trimmed),165 x 101 mm,16665,2,Unidentified theological text,
F-e0rn,https://fragmentarium.ms/overview/F-e0rn,"Leuven, KU Leuven Bibliotheken Bijzondere Collecties, Ms. 1191",16th century,Latin,Cursiva Northern Textualis,12 snippets,100 x 165 mm,16500,20,Twelve unidentified texts,Two small fragments have not been photographed.
F-t1mc,https://fragmentarium.ms/overview/F-t1mc,"Gent, Universiteitsbibliotheek Gent, HS.2583/241",13th century,Latin,Northern Textualis,1 leaf (trimmed),138 x 119 mm,16422,2,Unidentified text,"Part of the text is visible in mirror image, as an offset."
F-jnye,https://fragmentarium.ms/overview/F-jnye,"Orselina-Locarno, Biblioteca Madonna del Sasso, MdS 27 Aa 19/F2",14th century,Latin,Gothic Script (generic),1 leaf (part),210 x 77 mm,16170,2,Unidentified glosses (?),
F-xzix,https://fragmentarium.ms/overview/F-xzix,"Antwerpen, Universiteitsbibliotheek Antwerpen Bijzondere Collecties, MAG-P 64.87",14th century,Middle Dutch,Northern Textualis,1 strip (part of a leaf),273 x 59 mm,16107,2,Unidentified Middle Dutch chivalric romance,This fragment comes from an as yet unidentified Middle Dutch chivalric romance romance in rhymed couplets that does not seem to have survived in any other form. The proper names names that are mention
F-wp85,https://fragmentarium.ms/overview/F-wp85,"Antwerpen, Erfgoedbibliotheek Hendrik Conscience, Fragm. 69 a-b",15th century,Latin,Northern Textualis,2 leaves (trimmed),153 x 103 mm,15759,4,Unidentified theological text,
F-qtiw,https://fragmentarium.ms/overview/F-qtiw,"Antwerpen, Erfgoedbibliotheek Hendrik Conscience, Fragm. 199 a-d",14th century,Latin,Northern Textualis Cursiva Antiquior,4 leaves (trimmed),102 x 153 mm,15606,8,Unidentified philosophical text,
F-vl52,https://fragmentarium.ms/overview/F-vl52,"Leuven, Archief van de Abdij van Park, VIIIB20/161",14th century,,Cursiva Antiquior,1 strip,208 x 74 mm,15392,2,Unidentified text,
F-osrv,https://fragmentarium.ms/overview/F-osrv,"Gent, Universiteitsbibliotheek Gent, HS.0301",9th century,Latin,Carolingian Minuscule,1 leaf (part),216 x 69 mm,14904,4,Unidentified text,"The text on fol. A r is largely illegible because it was orginally the pastedown. Fol. A v contains an offset the text contained on fol. B-C, a fragment of Priscianus, Institutiones and this offset ma"
F-hy04,https://fragmentarium.ms/overview/F-hy04,"Antwerpen, Erfgoedbibliotheek Hendrik Conscience, B 141155",15th century 16th century,No language,,2 leaves (part),140 x 105 mm,14700,2,"Unidentified liturgical manuscript, probably a gradual or antiphonal | Decorated initials A and E",
F-h1td,https://fragmentarium.ms/overview/F-h1td,"Antwerpen, Erfgoedbibliotheek Hendrik Conscience, Fragm. 306",14th century,Latin,Cursiva,1 strip,253 x 58 mm,14674,2,Unidentified Latin text,This fragment was re-used as a frisket sheet.
F-w3kn,https://fragmentarium.ms/overview/F-w3kn,"Gent, Universiteitsbibliotheek Gent, HS.2583/076",15th century,Middle Dutch,Cursiva,1 strip,70 x 207 mm,14490,2,Unidentified mystical text in Middle Dutch,
F-vui8,https://fragmentarium.ms/overview/F-vui8,"Gent, Universiteitsbibliotheek Gent, HS.2583/084",15th century,Latin,Cursiva,1 bifolium (trimmed),98 x 147 mm,14406,2,Unidentified theological text,"This fragment probably comes from the same manuscript as the fragments HS.2583/073, HS.2583/074 and HS.2583/078."
F-10zj,https://fragmentarium.ms/overview/F-10zj,"Tübingen, Konviktsbibliothek Wilhelmsstift, V 1709 (B)",13th century,Latin,Praegothica,"1 trimmed single leaf, in-situ",164 x up to 87,14268,3,Breviary,"Hymn Martyris Christi colimus triumphum and another unidentified text for the Office of St Lawrence
The front pastedown contains V 1709 (A), a fragment of a 12th-century Missale notatum."
F-njqk,https://fragmentarium.ms/overview/F-njqk,"Utopia, armarium codicum bibliophilorum, Private collection, Belgium, fragm. 1",13th century,Latin,Northern Textualis,1 leaf (part),190 x 75 mm,14250,2,Unidentified medical treatise,
F-as3x,https://fragmentarium.ms/overview/F-as3x,"Chicago, University of Chicago Hanna Holborn Gray Special Collections Research Center, Codex Ms 686",13th century,Latin,Praegothica,1 partial leaf,138 x 102 mm,14076,2,Satirical poems on simony,"Unidentified satirical poems on simony in rhymed couplets. 1 partial parchment leaf (top margin visible, no bottom margin). Western Europe, first half of 13th century. Latin, praegothica, 102 mm x 138"
F-hnre,https://fragmentarium.ms/overview/F-hnre,"Odense, Syddansk Universitetsbibliotek, RARA Musik L 46",17th century,German,Printed,5 pieces,75 x 185 mm,13875,23,German printed calendar,"Pieces of a German calendar listing the dates of fairs and markets. Locations mostly in Pommerania. Similar to David Herlitz calendars around 1600, but edition unidentified. Removed from the bindings "
F-60uk,https://fragmentarium.ms/overview/F-60uk,"Antwerpen, Erfgoedbibliotheek Hendrik Conscience, Fragm. 134 a-b",13th century,Latin,Northern Textualis,"1 bifolium (trimmed, 2 parts)",120 x 111 mm (leaf),13320,4,Unidentified theological text,
F-x8vo,https://fragmentarium.ms/overview/F-x8vo,"Antwerpen, Erfgoedbibliotheek Hendrik Conscience, Fragm. 197",15th century,Latin,Northern Textualis Cursiva,1 bifolium (trimmed),105 x 125 mm (leaf),13125,2,Unidentified canon law text,
F-au0s,https://fragmentarium.ms/overview/F-au0s,"Antwerpen, Erfgoedbibliotheek Hendrik Conscience, Fragm. 358",14th century 13th century,Latin,Northern Textualis,1 leaf (part),138 x 94 mm,12972,2,"Unidentified commentary on Gregorius IX, Decretales | Liber III",
F-m248,https://fragmentarium.ms/overview/F-m248,"Antwerpen, Erfgoedbibliotheek Hendrik Conscience, Fragm. 360 a-b",14th century,Latin,Northern Textualis,1 bifolium (2 strips),90 x 144 mm,12960,4,Unidentified theological treatise,
F-m7i4,https://fragmentarium.ms/overview/F-m7i4,"Leuven, Archief van de Abdij van Park, VIIIB20/157",13th century,Latin,Northern Textualis,1 strip,169 x 76 mm,12844,2,Unidentified religious text,"Fol. [1]r refers to Book of Proverbs, 24:27; fol. [1]v refers to Jeremiah 4:14."
F-c28h,https://fragmentarium.ms/overview/F-c28h,"Leuven, Rijksarchief te Leuven, Archief Oude Universiteit Leuven, nr. 2474",14th century,,Cursiva,2 strips,227 x 55 mm,12485,4,Unidentified text,One of the fragment shows some text and is part of a leaf; the other showing no text is probably the lower margin of an original bifolium. 
F-mc4a,https://fragmentarium.ms/overview/F-mc4a,"Antwerpen, Erfgoedbibliotheek Hendrik Conscience, Fragm. 86",14th century,Latin,Northern Textualis,1 bifolium (strip),62 x 201 mm (leaf),12462,2,Unidentified text on Roman law,
F-1sxr,https://fragmentarium.ms/overview/F-1sxr,"Odense, Syddansk Universitetsbibliotek, RARA Musik L 46",16th century,French,Printed,2 pieces,76 x 156 mm,11856,17,"St Cyprian, Sermon de la mortalité","Two pieces of an unidentified 16th century edition of a French translation of St Cyprian's sermon on mortality. Removed from the binding of RARA Musik L 42 R 128 and 129, two of a set of four music bo"
F-cjzj,https://fragmentarium.ms/overview/F-cjzj,"Orselina-Locarno, Biblioteca Madonna del Sasso, MdS 63 Aa 6",14th century,Latin,Gothic Script (generic),1 leaf (part),119 x 98,11662,3,Unidentified text with gloss,
F-n8nv,https://fragmentarium.ms/overview/F-n8nv,"Leuven, KU Leuven Bibliotheken Bijzondere Collecties, Ms. 1317",15th century,Middle Dutch,Hybrid Script,2 bifolia (part of the same quire),135 x 85 mm (leaf),11475,4,Unidentified spritiual treatise,
F-ap52,https://fragmentarium.ms/overview/F-ap52,"Mechelen, Stadsarchief Mechelen, Verzameling van literaire fragmenten, Album II, voorlopig nr. 6/7",14th century,Latin,Northern Textualis,1 leaf (part),165 x 63 mm,10395,2,Unidentified Latin text,
F-ze3h,https://fragmentarium.ms/overview/F-ze3h,"Edinburgh, National Library of Scotland, Adv.MS.84.1.26",14th century,Latin,Northern Textualis,2 contiguous strips,137 x 72 mm (page),9864,4,Unidentified liturgical manuscript,
F-ijvj,https://fragmentarium.ms/overview/F-ijvj,"Gent, Universiteitsbibliotheek Gent, HS.2582/368",12th century,Latin,Praegothica,1 strip,209 x 47 mm,9823,2,Unidentified Latin text,This fragment was first reused as a frisket sheet before being recycled as a quire guard.
F-ho7z,https://fragmentarium.ms/overview/F-ho7z,"Orselina-Locarno, Biblioteca Madonna del Sasso, MdS 45 Da 5/F1-3, MdS 45 Da 6/F1-3",14th century,Latin,Gothic Script (generic),6 spine strips,86 x 114 mm,9804,3,Unidentified text on confession  (virtual reconstruction),
F-4r0j,https://fragmentarium.ms/overview/F-4r0j,"Orselina-Locarno, Biblioteca Madonna del Sasso, MdS 45 Da 6/F1-3",14th century,Latin,Gothic Script (generic),3 spine strips,86 x 114 mm,9804,8,Unidentified text on confession (non identified),
F-hjc4,https://fragmentarium.ms/overview/F-hjc4,"Antwerpen, Erfgoedbibliotheek Hendrik Conscience, Fragm. 181",14th century,Latin,Gothic Script (generic),1 leaf (trimmed),151 x 64 mm,9664,2,Unidentified Latin text,
F-3uad,https://fragmentarium.ms/overview/F-3uad,"Scherpenheuvel-Zichem, Abdij der Norbertijnen van Averbode, Archief, Sectie IV, hs. 431, 28",13th century,Latin,Northern Textualis,3 leaves (partial),"171 mm x 50 mm, 55 mm x 35 mm, 58 mm x 3",8550,5,Unidentified text,"These fragments were reused as binding material, and although they have been removed from the book, they remain in the physical condition in which they were found. That is, the fragments are joined to"
F-la3m,https://fragmentarium.ms/overview/F-la3m,"Orselina-Locarno, Biblioteca Madonna del Sasso, MdS 63 Ea 7",14th century,Latin,Gothic Script (generic),1 leaf (part),99 x 86 mm,8514,3,Unidentified text with glosses,
F-0lqw,https://fragmentarium.ms/overview/F-0lqw,"Leuven, KU Leuven Bibliotheken Bijzondere Collecties, Ms. 1488",14th century,Middle Dutch,Northern Textualis,1 strip,39 x 216 mm,8424,2,"Unidentified chivalric romance, possibly Geraert van Viane",
F-iv5c,https://fragmentarium.ms/overview/F-iv5c,"Aarschot, Archief van de collegiale Onze-Lieve-Vrouwekerk, nr. 335",14th century,Latin,Cursiva,1 strip (in situ),313 x 25 mm,7825,2,Glosses to an unidentified scientific text,
F-fuvo,https://fragmentarium.ms/overview/F-fuvo,"Orselina-Locarno, Biblioteca Madonna del Sasso, MdS 58 Ca 18/F2",14th century,Latin,Gothic Script (generic),1 spine strip,62 x 122 mm,7564,7,Unidentified latin grammar,
F-voqv,https://fragmentarium.ms/overview/F-voqv,"Leipzig, Universitätsbibliothek, Fragm. lat. 394",13th century,Latin,Northern Textualis,15 fragment pieces,39 x 193 mm,7527,3,Liturgica (unidentified),
F-8znq,https://fragmentarium.ms/overview/F-8znq,"Orselina-Locarno, Biblioteca Madonna del Sasso, MdS 58 Ca 8/F1-4",14th century,Latin,Gothic Script (generic),4 spine strips,65 x 115 mm,7475,3,Unidentified religious text,
F-ja1n,https://fragmentarium.ms/overview/F-ja1n,"Orselina-Locarno, Biblioteca Madonna del Sasso, MdS 16 Ga 8/F1-4",14th century,Latin,Gothic Script (generic),4 spine strips,70 x 99 mm,6930,3,Unidentified glosses on Decretum Gratiani,
F-wbbg,https://fragmentarium.ms/overview/F-wbbg,"Tübingen, Konviktsbibliothek Wilhelmsstift, KH 3985",12th century,Latin,Carolingian Minuscule Praegothica,"2 trimmed bifolia, in-situ (A and B)",A: 45 x 148; B: 45 x 142,6660,3,Neumed Easter dialogue and canonistic miscellany,"Together, the two fragments form a bifolium and are positioned directly one above the other (A above, B below).
Left leaf: fragment of an unidentified neumed Easter dialogue (Visitatio sepulchri), wi"
F-ss0e,https://fragmentarium.ms/overview/F-ss0e,"Antwerpen, Erfgoedbibliotheek Hendrik Conscience, Fragm. 237",11th century,Latin,Carolingian Minuscule,1 strip,200 x 33 mm,6600,2,Unidentified theological treatise | includes quotation of Jeremiah 3:1 (fol. [1]v),
F-ux7i,https://fragmentarium.ms/overview/F-ux7i,"Leuven, KU Leuven Bibliotheken Bijzondere Collecties, Ms. 1163",6th century 7th century 8th century 9th century 10th century,,,1 part,60 x 105 mm,6300,2,Unidentified text in Coptic,
F-g3zk,https://fragmentarium.ms/overview/F-g3zk,"Wien, Österreichische Nationalbibliothek, Cod. 2723",11th century,Latin,Carolingian Minuscule,1 strip,205 × ca. 30 mm,6150,6,Unidentified,
F-18n8,https://fragmentarium.ms/overview/F-18n8,"Leuven, KU Leuven Bibliotheken Bijzondere Collecties, Ms. 1033",14th century,Latin,Northern Textualis,2 strips,45 x 135 mm,6075,4,Unidentified Roman law text,The fragments were used as spine liner and were probably recovered from the same binding as the fragments now under Ms. 1032. Both fragments have the offset imprint of a twelfth-century liturgical man
F-x60p,https://fragmentarium.ms/overview/F-x60p,"Leuven, KU Leuven Bibliotheken Bijzondere Collecties, Ms. 1032",14th century,Latin,Northern Textualis,6 strips,80 x 75 mm,6000,12,"Unidentified Roman law text, with gloss",The fragments were used as spine liner and probably recovered from the same binding as the fragments now under Ms. 1033. Fragments 1032/2 and 1032/6 have the offset imprint of a twelfth-century liturg
F-vcgz,https://fragmentarium.ms/overview/F-vcgz,"Leuven, KU Leuven Bibliotheken Bijzondere Collecties, Ms. 1166",9th century 10th century,,,1 leaf (part),75 x 76 mm,5700,2,Unidentified text in Coptic,
F-m05m,https://fragmentarium.ms/overview/F-m05m,"Lugano, Biblioteca Salita dei Frati, BSF Inc. 30 (2)/F1",14th century,German,Northern Textualis,2 spine strips and other fragments,25 x 225 mm,5625,4,Unidentified spiritual prose text,
F-28bq,https://fragmentarium.ms/overview/F-28bq,"Lugano, Biblioteca Salita dei Frati, BSF Inc. 30 (1)/F1-2",14th century,German,Northern Textualis,2 spine strips,25 x 224 mm,5600,4,Unidentified spiritual prose text,
F-8wp3,https://fragmentarium.ms/overview/F-8wp3,"Gent, Universiteitsbibliotheek Gent, HS.2583/244",14th century,Latin,Northern Textualis,1 strip,139 x 40 mm,5560,2,Unidentified gloss,
F-1jo7,https://fragmentarium.ms/overview/F-1jo7,"Gent, Universiteitsbibliotheek Gent, HS.2582/403",13th century 14th century,Latin,Northern Textualis,1 strip,140 x 38 mm,5320,2,Unidentified theological text,
F-imyy,https://fragmentarium.ms/overview/F-imyy,"Scherpenheuvel-Zichem, Abdij der Norbertijnen van Averbode, Archief, Sectie IV, hs. 431, 32 b",13th century,Latin,Northern Textualis,1 strip,49 x 104 mm,5096,2,Unidentified theological text,
F-n5r2,https://fragmentarium.ms/overview/F-n5r2,"Wien, Österreichische Nationalbibliothek, Cod. 3647",13th century 14th century,Latin,Northern Textualis,1 strip,143 × 35 mm,5005,13,Unidentified,
F-cbfe,https://fragmentarium.ms/overview/F-cbfe,"Gubbio, Biblioteca comunale Sperelliana, III 38 D 18",12th century,Latin,Carolingian Minuscule,4 fragments,45 × 111; 96 × 44; 46 × 110; 53 × 108 mm,4995,1,Unidentified fragment in Latin,"Quattro ritagli in pergamena, con molta probabilità appartenuti alla stessa unità codicologica, riutilizzati come alette per l’indorsatura, in situ."
F-ne56,https://fragmentarium.ms/overview/F-ne56,"Antwerpen, Erfgoedbibliotheek Hendrik Conscience, Fragm. 127",15th century,Latin,Northern Textualis,1 strip,161 x 31 mm,4991,2,Unidentified liturgical manuscript | Mark 15:43-46 ; Psalm 68,
F-fzqt,https://fragmentarium.ms/overview/F-fzqt,"Antwerpen, Erfgoedbibliotheek Hendrik Conscience, Fragm. 152 a-b",12th century,Latin,Praegothica,2 strips,46 x 107 mm,4922,4,Unidentified theological text,
F-l6yp,https://fragmentarium.ms/overview/F-l6yp,"Gubbio, Biblioteca comunale Sperelliana, III 47 B 2",12th century,Latin,Carolingian Minuscule,2 fragments,39 × 123; 31 × 113 mm,4797,3,Unidentified fragments in Latin,"Quattro ritagli in pergamena reimpiegati come alette per l’indorsatura, in situ. Il I e IV frammento sono riferibili al XIV secolo, il II e III, di XII sec., appartenevano probabilmente alla medesima "
F-0h0g,https://fragmentarium.ms/overview/F-0h0g,"Antwerpen, Erfgoedbibliotheek Hendrik Conscience, Fragm. 128",13th century,Latin,Northern Textualis,1 strip,136 x 35 mm,4760,2,Unidentified canon law text,
F-isvn,https://fragmentarium.ms/overview/F-isvn,"Wien, Österreichische Nationalbibliothek, Cod. 3588",15th century,German,Cursiva,1 strip,ca. 45 x 100 mm,4500,2,Unidentified,
F-32om,https://fragmentarium.ms/overview/F-32om,"Leuven, KU Leuven Bibliotheken Bijzondere Collecties, Ms. 1169",11th century 12th century,,,1 strip,55 x 81 mm,4455,2,Unidentified religious text in Coptic | possibly the Annunciation,
F-0y54,https://fragmentarium.ms/overview/F-0y54,"Orselina-Locarno, Biblioteca Madonna del Sasso, MdS 38 Ga 9",14th century 15th century,Latin,Gothic Script (generic),4 spine strips,47 x 92 mm,4324,6,"Unidentified commentary on Ieremias | XXXII, 35-41; XXXVI, 3-16.",
F-qycu,https://fragmentarium.ms/overview/F-qycu,"Antwerpen, Erfgoedbibliotheek Hendrik Conscience, Fragm. 418 a-b",15th century,Latin,Northern Textualis,2 strips,148 x 29 mm,4292,4,Unidentified Latin text,
F-hzbg,https://fragmentarium.ms/overview/F-hzbg,"Mechelen, Stadsarchief Mechelen, Verzameling van literaire fragmenten, Album II, voorlopig nr. 14/7",15th century,Latin,Cursiva,1 leaf (part),40 x 106 mm,4240,2,Unidentified text on logic,
F-gaff,https://fragmentarium.ms/overview/F-gaff,"Gent, Universiteitsbibliotheek Gent, HS.2582/400",14th century,Latin,Northern Textualis Cursiva Antiquior,1 strip,156 x 27 mm,4212,2,"Unidentified text in Latin, possibly on grammar, with gloss",
F-fw0f,https://fragmentarium.ms/overview/F-fw0f,"Antwerpen, Erfgoedbibliotheek Hendrik Conscience, Fragm. 364",13th century,Latin,Northern Textualis,1 leaf (part),29 x 145 mm,4205,2,Unidentified theological treatise,"Fol. [1]r, col. B has a quotation from Ecclesiasticus (24:29): 'Qui edunt me, adhuc esurient'."
F-f0ff,https://fragmentarium.ms/overview/F-f0ff,"Orselina-Locarno, Biblioteca Madonna del Sasso, MdS 23 Ea 16/F1-4",14th century,Latin,Gothic Script (generic),4 spine strips,47 x 89 mm,4183,10,Unidentified comment on the Bible (?),
F-drrc,https://fragmentarium.ms/overview/F-drrc,"Wien, Österreichische Nationalbibliothek, Cod. 3546",13th century 14th century 15th century,Latin,Northern Textualis,1 strip of a folio,30 x 138 mm,4140,8,Unidentified music,
F-8plb,https://fragmentarium.ms/overview/F-8plb,"Mechelen, Stadsarchief Mechelen, Verzameling van literaire fragmenten, Album II, voorlopig nr. 8/7",14th century,Latin,Cursiva Antiquior,1 leaf (part),65 x 62 mm,4030,2,Unidentified Latin text,
F-j0wm,https://fragmentarium.ms/overview/F-j0wm,"Faido, Biblioteca del Convento dei Frati Cappuccini, Faido Rari 20/F3-5",15th century,Latin,,3 strips,20 x 200 mm,4000,5,Unidentified liturgical text,
F-wlir,https://fragmentarium.ms/overview/F-wlir,"Antwerpen, Erfgoedbibliotheek Hendrik Conscience, Fragm. 313",15th century,Latin,Cursiva,1 strip,137 x 29 mm,3973,2,Unidentified theological text,
F-uf5g,https://fragmentarium.ms/overview/F-uf5g,"Orselina-Locarno, Biblioteca Madonna del Sasso, MdS 57 Aa 2",14th century,Latin,Cursiva Gothic Script (generic),4 spine strips,60 x circa 65 mm,3900,4,Unidentified text with comment,
F-t6bi,https://fragmentarium.ms/overview/F-t6bi,"Antwerpen, Erfgoedbibliotheek Hendrik Conscience, Fragm. 217",15th century,Latin,Cursiva,1 strip,27 x 141 mm,3807,2,Unidentified theological treatise,
F-lodh,https://fragmentarium.ms/overview/F-lodh,"Leipzig, Universitätsbibliothek, Fragm. lat. 367a",14th century,Latin,Northern Textualis,2 part from single leaf / leaves,92 x 40 mm,3680,8,Unidentified (probably Breviarium),
F-qyfp,https://fragmentarium.ms/overview/F-qyfp,"Antwerpen, Erfgoedbibliotheek Hendrik Conscience, Fragm. 182",15th century,Latin,Hybrid Script,1 strip,139 x 26 mm,3614,2,"Unidentified Latin text, possibly legal",
F-ypxa,https://fragmentarium.ms/overview/F-ypxa,"Antwerpen, Erfgoedbibliotheek Hendrik Conscience, Fragm. 315",14th century,Latin,Gothic Script (generic),1 strip,45 x 80 mm,3600,2,Unidentified canon law text,
F-cqa7,https://fragmentarium.ms/overview/F-cqa7,"Orselina-Locarno, Biblioteca Madonna del Sasso, MdS 52 Aa 17/F1-4",14th century 15th century,Latin,Gothic Script (generic),4 spine strips,38 x 90 mm,3420,5,Unidentified philosophical text,
F-rxxv,https://fragmentarium.ms/overview/F-rxxv,"Antwerpen, Erfgoedbibliotheek Hendrik Conscience, Fragm. 95 b",13th century,Latin,Northern Textualis,1 strip,33 x 103 mm,3399,2,Unidentified theological text,
F-0h5j,https://fragmentarium.ms/overview/F-0h5j,"Wien, Österreichische Nationalbibliothek, Cod. 1695",14th century,German,Northern Textualis,pastedown (partial),135 x 25 mm,3375,6,Theological treatise (unidentified),
F-a07w,https://fragmentarium.ms/overview/F-a07w,"Antwerpen, Erfgoedbibliotheek Hendrik Conscience, Fragm. 140 a-b",13th century,Latin,Northern Textualis,"4 strips, 3 continguous strips attached ",139 x 24 mm,3336,4,Unidentified canon law text,
F-7zu3,https://fragmentarium.ms/overview/F-7zu3,"Gent, Universiteitsbibliotheek Gent, HS.1667/003",15th century,Middle Dutch,Northern Textualis,1 strip,102 x 31 mm,3162,2,Unidentified Middle Dutch manuscript,
F-33ow,https://fragmentarium.ms/overview/F-33ow,"Wien, Österreichische Nationalbibliothek, Fragm. 3b",12th century,Latin,Carolingian Minuscule,1 strip,210 x 15 mm,3150,3,Fragment (text unidentified),
F-1kdv,https://fragmentarium.ms/overview/F-1kdv,"Gent, Universiteitsbibliotheek Gent, HS.2583/243",14th century,Latin,Southern Textualis Northern Textualis,2 strips,28 x 112 mm,3136,4,"Unidentified legal text, with gloss",
F-3wqe,https://fragmentarium.ms/overview/F-3wqe,"Orselina-Locarno, Biblioteca Madonna del Sasso, MdS 58 Ba 27",14th century,Latin,Gothic Script (generic),2 spine strips,38 x 80 mm,3040,3,Unidentified philosophical (?) text,
F-zy3b,https://fragmentarium.ms/overview/F-zy3b,"Mechelen, Stadsarchief Mechelen, Verzameling van literaire fragmenten, Album II, voorlopig nr. 15/7",14th century,Latin,Gothic Script (generic),1 leaf (part),35 x 85 mm,2975,2,Unidentified Latin text,"Both sides of the fragment are still covered with pasted-on waste paper, which largely obscures the writing."
F-xukl,https://fragmentarium.ms/overview/F-xukl,"Antwerpen, Ruusbroecgenootschap, Neerl. 413/21",15th century,Middle Dutch,Northern Textualis,4 strips (parts of two different leaves),84 x 35 mm,2940,4,Unidentified Middle Dutch text,
F-ukx6,https://fragmentarium.ms/overview/F-ukx6,"Leipzig, Universitätsbibliothek, Deutsche Fragmente 86a",13th century 14th century,German,Northern Textualis,2 strips from the same bifolium,12 x 243 mm,2916,8,"Meister Eckhart, Predigt zu In festo Philippi et Jacobi apostolorum (‚Von zweierlei Wegen‘) · Meister Eckhart ","Two strips from the same bifolium used as quire guards, and now detached. With text one one leaf identifiable as coming from Meister Eckhart's sermon ""von zweierlei Wegen"", and the other from an unide"
F-0df1,https://fragmentarium.ms/overview/F-0df1,"Orselina-Locarno, Biblioteca Madonna del Sasso, MdS 27 Aa 17/F3-4",14th century,Latin,Gothic Script (generic),2 spine strips,39 x 71 mm,2769,5,Unidentified liturgical text,
F-es08,https://fragmentarium.ms/overview/F-es08,"Orselina-Locarno, Biblioteca Madonna del Sasso, MdS 17 Ca 17/F4",14th century,Latin,Gothic Script (generic),1 spine strip,35 x 78 mm,2730,3,Unidentified text,
F-llvm,https://fragmentarium.ms/overview/F-llvm,"Antwerpen, Erfgoedbibliotheek Hendrik Conscience, Fragm. 260",,Latin,Gothic Script (generic),1 strip,55 x 44 mm,2420,2,Unidentified theological treatise,
F-ugvb,https://fragmentarium.ms/overview/F-ugvb,"Gubbio, Biblioteca comunale Sperelliana, II 20 F 18",11th century,Latin,Carolingian Minuscule,4 fragments,30 × 78; 30 × 75; 30 × 79; 30 × 77 mm,2340,2,Unidentified fragment in Latin,"Quattro piccole strisce in pergamena reimpiegate come alette per l’indorsatura del volume, mantenute in situ."
F-3h60,https://fragmentarium.ms/overview/F-3h60,"Gent, Universiteitsbibliotheek Gent, HS.2582/282",15th century,Middle Dutch,Hybrid Script,6 strips,29 x 78 mm,2262,12,"Unidentified Middle Dutch manuscript, possibly a religious text",
F-w8ii,https://fragmentarium.ms/overview/F-w8ii,"Orselina-Locarno, Biblioteca Madonna del Sasso, MdS 41 Aa 13/F1-3",14th century,Latin,Gothic Script (generic),3 spine strips,38 x 59 mm,2242,6,Unidentified text,
F-ln58,https://fragmentarium.ms/overview/F-ln58,"Antwerpen, Erfgoedbibliotheek Hendrik Conscience, Fragm. 297 a-b",14th century,Latin,Northern Textualis,2 strips,68 x 32 mm,2176,4,Unidentified text,
F-x6c5,https://fragmentarium.ms/overview/F-x6c5,"Orselina-Locarno, Biblioteca Madonna del Sasso, MdS 58 Ba 6/F2-6",13th century 14th century,Latin,Gothic Script (generic),4 spine strips,34 x 64 mm,2176,4,Unidentified religious text (?),
F-7x8n,https://fragmentarium.ms/overview/F-7x8n,"Mechelen, Stadsarchief Mechelen, Verzameling van literaire fragmenten, Album II, voorlopig nr. 17/7",14th century,Latin,Cursiva Northern Textualis,1 leaf (part),21 x 100 mm,2100,2,Unidentified text on logic,
F-3d30,https://fragmentarium.ms/overview/F-3d30,"Orselina-Locarno, Biblioteca Madonna del Sasso, MdS 27 Aa 17/F1-2",14th century,Latin,Gothic Script (generic),2 spine strips,32 x 62 mm,1984,7,Unidentified text,
F-xja1,https://fragmentarium.ms/overview/F-xja1,"Antwerpen, Erfgoedbibliotheek Hendrik Conscience, Fragm. 266",14th century,Latin,Northern Textualis,1 strip,37 x 53 mm,1961,2,Unidentified text | with offset of other text,
F-faqs,https://fragmentarium.ms/overview/F-faqs,"Antwerpen, Erfgoedbibliotheek Hendrik Conscience, Fragm. 126",14th century,Latin,Northern Textualis,"1 bifolium (2 parts, restored)",59 x 32 mm,1888,2,Unidentified manuscript,
F-3l5z,https://fragmentarium.ms/overview/F-3l5z,"Antwerpen, Ruusbroecgenootschap, Neerl. 413/45",15th century,Middle Dutch,Northern Textualis,5 strips (3 part of same leaf),68 x 26 mm,1768,6,Unidentified Middle Duch text,
F-5nag,https://fragmentarium.ms/overview/F-5nag,"Leuven, Rijksarchief te Leuven, Archief abdij Sint-Bernardsdal te Diest, nr. 10850",,,,1 strip,26 x 60 mm,1560,3,Unidentified text,
F-srfk,https://fragmentarium.ms/overview/F-srfk,"Antwerpen, Ruusbroecgenootschap, Neerl. 413/43",15th century,Middle Dutch,Hybrid Script,5 strips,26 x 59 mm,1534,10,Unidentified Middle Dutch text,
F-ravu,https://fragmentarium.ms/overview/F-ravu,"Elbląg, Biblioteka Elbląska im. C. Norwida, SD.XVI.784 (inw. 302)",14th century,Middle Dutch,,5 stripes,15 x 100 mm,1500,1,Unidentified Middle Dutch text,Five parchment stripes containing fragments of an unidentified Dutch text used in a binding of a 16th cen. printed book held in the Elbląg Library (former Elbinger Gymnasiums-Bibliothek).
F-aj6w,https://fragmentarium.ms/overview/F-aj6w,"Mechelen, Stadsarchief Mechelen, Verzameling van literaire fragmenten, Album II, voorlopig nr. 11/7 bis",14th century 15th century,Latin,Northern Textualis,4 small fragments,36 x 40 mm,1440,7,Unidentified Latin texts,The four fragments may probably originally have been part of two or three different manuscripts.
F-t12t,https://fragmentarium.ms/overview/F-t12t,"Orselina-Locarno, Biblioteca Madonna del Sasso, MdS 46 Aa 9",15th century 14th century,Latin,Northern Textualis,4 spine  strips,29 x 49 mm,1421,8,Unidentified religious text,
F-ib4j,https://fragmentarium.ms/overview/F-ib4j,"Gent, Universiteitsbibliotheek Gent, HS.2582/363",14th century,Latin,Cursiva Antiquior,2 fragments (parts of the same leaf),44 x 32 mm,1408,6,Unidentified Latin text,(Physics commentary?)
F-4wgy,https://fragmentarium.ms/overview/F-4wgy,"Orselina-Locarno, Biblioteca Madonna del Sasso, MdS 26 Aa 3/F2-5",14th century,Latin,Gothic Script (generic),4 spine strips,27 x 45 mm,1215,3,Unidentified comment or gloss (?),
F-ut8r,https://fragmentarium.ms/overview/F-ut8r,"Mechelen, Stadsarchief Mechelen, Verzameling van literaire fragmenten, Album II, voorlopig nr. 8/7 bis",15th century 14th century,Latin,Northern Textualis Cursiva,3 small fragments,41 x 29 mm,1189,6,Unidentified Latin texts,The three fragments may originally have been part of two or three different manuscripts.
F-ijnc,https://fragmentarium.ms/overview/F-ijnc,"Leuven, KU Leuven Bibliotheken Bijzondere Collecties, Ms. 1167",9th century 10th century,,,1 strip,53 x 22 mm,1166,2,Unidentified text in Coptic,
F-3ga8,https://fragmentarium.ms/overview/F-3ga8,"Wien, Österreichische Nationalbibliothek, Cod. 1973",12th century 13th century,Latin,Gothic Script (generic),3 strips,sichtbar 40 x 25 mm,1000,7,Unidentified,
F-z34f,https://fragmentarium.ms/overview/F-z34f,"Bigorio, Biblioteca del Convento dei Frati Cappuccini Santa Maria, Big Inc. 14/F3-4",14th century 15th century,Latin,Gothic Script (generic),2 spine strips,45 x 20 mm,900,5,Unidentified text.,
F-nfi5,https://fragmentarium.ms/overview/F-nfi5,"Mechelen, Stadsarchief Mechelen, Verzameling van literaire fragmenten, Album II, voorlopig nr. 19/7",15th century,Latin,Cursiva,1 leaf (part),26 x 30 mm,780,2,Unidentified Latin text,
F-3qzb,https://fragmentarium.ms/overview/F-3qzb,"Amorgos, Monastery of Panagia Hozoviotissa, MS 11",,Greek,,One bifolium,,0,7,Unidentified | Different types of scripts on parchment,
F-qvgd,https://fragmentarium.ms/overview/F-qvgd,"Cambridge, MA, Harvard University, Houghton Library, MS Typ 270",15th century,German,Hybrid Script,1 leaf,,0,2,Unidentified poem on the passion addressed to Mary,"
The text is an unidentified poem on the passion, addressed to Mary. This leaf contains 42 lines on recto and verso. The German text is written in German littera bastarda in black ink, highlighted in"
F-t273,https://fragmentarium.ms/overview/F-t273,"Cambridge, MA, Harvard University, Houghton Library, MS Typ 704 (18)",12th century,Latin,Carolingian Minuscule,1 leaf,,0,2,"Homiliary | Maximus of Turin, Homilia XC De poenitentia et jejuniis Ninivitarum I, sermon on penitence, and Gr","
Written in a large Italian carolingian minuscule hand in black ink with red rubrics in two columns, 46 lines per column. The columns are 11-12 cm. wide, written area 43 x 26 cm.


There are two 6"
F-2vkc,https://fragmentarium.ms/overview/F-2vkc,"Orselina-Locarno, Biblioteca Madonna del Sasso, MdS 38 Ga 12/F1-7",14th century,Latin,Gothic Script (generic),7 spine strips,h: 45 mm (frammenti non misurabili in la,0,3,Unidentified liturgical noted text,
F-r8ry,https://fragmentarium.ms/overview/F-r8ry,"Orselina-Locarno, Biblioteca Madonna del Sasso, MdS 51 Da 20/F1-4",14th century,Latin,Gothic Script (generic),4 spine strips,,0,3,Unidentified glosses on a legal text (?),
F-5oah,https://fragmentarium.ms/overview/F-5oah,"Orselina-Locarno, Biblioteca Madonna del Sasso, MdS 58 Ca 18/F2, MdS 58 Ca 19/F1-2",14th century,Latin,Gothic Script (generic),3 spine strips,,0,5,Unidentified latin grammar  (virtual reconstruction),"Virtual reconstruction of fragments contained in: Orselina, Madonna del Sasso (MdS) 58 Ca 18 and 58 Ca 19."
F-uvx5,https://fragmentarium.ms/overview/F-uvx5,"Orselina-Locarno, Biblioteca Madonna del Sasso, MdS 58 Ca 19/F1-2",14th century,Latin,Gothic Script (generic),2 spine strips,,0,5,Unidentified latin grammar,
F-tbyv,https://fragmentarium.ms/overview/F-tbyv,"Orselina-Locarno, Biblioteca Madonna del Sasso, MdS 58 Ca 20/F1-2",14th century,Latin,Gothic Script (generic),2 spine strips,,0,4,Unidentified text,
F-03xq,https://fragmentarium.ms/overview/F-03xq,"Oudenaarde, Stadsarchief Oudenaarde, Handschriften en Zeldzame Drukken, nr. 14",13th century,Latin,Northern Textualis,"1 leaf (trimmed, in situ)",,0,2,"Unidentified biblical commentary | John 3:16; Liber sapientiae, 24:23-29",
F-pleo,https://fragmentarium.ms/overview/F-pleo,"Wien, Österreichische Nationalbibliothek, Cod. 3596",,,,14 strips,,0,36,Unidentified (commentary),
